Dataset,Model_Name,Batch_Size,Window_Size,Fold,Accuracy_Train,Accuracy_Validation,Accuracy_Test,Accuracy_Test_Full_Train
SWAT,MTEX-CNN,32,20,1,0.9915518008003558,0.9768888888888889,0.9530666666666666,0.9509333333333333
SWAT,MTEX-CNN,32,20,2,0.9931080480213428,0.9875555555555555,0.9514666666666667,0.9509333333333333
SWAT,MTEX-CNN,32,20,3,0.9944419742107603,0.984,0.9562666666666667,0.9509333333333333
SWAT,MTEX-CNN,32,20,4,0.9939986663703045,0.9804270462633452,0.9488,0.9509333333333333
SWAT,MTEX-CNN,32,20,5,0.9942209379862191,0.9804270462633452,0.9514666666666667,0.9509333333333333
